	SB	SM	Nk	Hd	SL	EL	WL	HL	SR	ER	WR	HR	HiL	KL	AL	FL	HiR	KR	AR	FR	SS	HTL	TL	HTR	TR
0	1.812580	1.814576	1.812300	1.806495	1.696893	1.640937	1.595293	1.588714	1.946643	2.039167	2.097059	2.093855	1.743562	1.790206	1.732970	1.675886	1.856666	1.779350	1.733970	1.666352	1.813680	1.583854	1.579003	2.105069	2.082736
1	-0.193634	0.078292	0.346658	0.486047	0.224814	-0.029634	-0.235932	-0.259839	0.217308	-0.025625	-0.240350	-0.294627	-0.190596	-0.437201	-0.758789	-0.826246	-0.194007	-0.439909	-0.763222	-0.801778	0.280064	-0.302742	-0.238249	-0.321636	-0.287833
2	4.454197	4.442539	4.420630	4.408226	4.459278	4.502992	4.417426	4.396837	4.317543	4.322169	4.316206	4.315304	4.449344	4.207378	4.150474	4.034821	4.397778	4.215236	4.142644	4.014481	4.428063	4.384864	4.365833	4.318526	4.280834
3	1.821709	1.814259	1.792716	1.778460	1.670738	1.632742	1.574870	1.572891	1.935037	2.028196	2.090021	2.083893	1.751095	1.747384	1.696463	1.631076	1.869709	1.739507	1.707815	1.648270	1.800479	1.571414	1.558653	2.088114	2.068709
4	-0.195149	0.079118	0.352405	0.473711	0.230631	-0.038496	-0.245472	-0.267730	0.227411	-0.029506	-0.247448	-0.293860	-0.192242	-0.567340	-0.845368	-0.881293	-0.195473	-0.589360	-0.870333	-0.888298	0.284216	-0.300364	-0.248752	-0.332521	-0.288091
5	4.447958	4.426513	4.379706	4.372811	4.440638	4.476102	4.385153	4.363488	4.284210	4.300245	4.310264	4.297889	4.450226	4.180618	4.111718	3.976573	4.377074	4.176844	4.110086	3.966928	4.394806	4.350431	4.342000	4.307934	4.256000
6	1.821709	1.814259	1.792716	1.778460	1.670738	1.632742	1.574870	1.572891	1.935037	2.028196	2.090021	2.083893	1.751095	1.747384	1.696463	1.631076	1.869709	1.739507	1.707815	1.648270	1.800479	1.571414	1.558653	2.088114	2.068709
7	-0.195149	0.079118	0.352405	0.473711	0.230631	-0.038496	-0.245472	-0.267730	0.227411	-0.029506	-0.247448	-0.293860	-0.192242	-0.567340	-0.845368	-0.881293	-0.195473	-0.589360	-0.870333	-0.888298	0.284216	-0.300364	-0.248752	-0.332521	-0.288091
8	4.447958	4.426513	4.379706	4.372811	4.440638	4.476102	4.385153	4.363488	4.284210	4.300245	4.310264	4.297889	4.450226	4.180618	4.111718	3.976573	4.377074	4.176844	4.110086	3.966928	4.394806	4.350431	4.342000	4.307934	4.256000
9	1.821709	1.814259	1.792716	1.778460	1.670738	1.632742	1.574870	1.572891	1.935037	2.028196	2.090021	2.083893	1.751095	1.747384	1.696463	1.631076	1.869709	1.739507	1.707815	1.648270	1.800479	1.571414	1.558653	2.088114	2.068709
10	-0.195149	0.079118	0.352405	0.473711	0.230631	-0.038496	-0.245472	-0.267730	0.227411	-0.029506	-0.247448	-0.293860	-0.192242	-0.567340	-0.845368	-0.881293	-0.195473	-0.589360	-0.870333	-0.888298	0.284216	-0.300364	-0.248752	-0.332521	-0.288091
11	4.447958	4.426513	4.379706	4.372811	4.440638	4.476102	4.385153	4.363488	4.284210	4.300245	4.310264	4.297889	4.450226	4.180618	4.111718	3.976573	4.377074	4.176844	4.110086	3.966928	4.394806	4.350431	4.342000	4.307934	4.256000
12	1.751245	1.752733	1.749864	1.740089	1.624510	1.583282	1.525391	1.534926	1.887256	1.975746	2.040259	2.051378	1.681536	1.713895	1.688662	1.627891	1.796120	1.692867	1.683348	1.617762	1.751402	1.537296	1.524224	2.073570	2.032179
13	-0.197974	0.078994	0.352245	0.476090	0.221322	-0.064290	-0.261832	-0.278034	0.201360	-0.024002	-0.239603	-0.277613	-0.192206	-0.551364	-0.830114	-0.872096	-0.200935	-0.425268	-0.804197	-0.855483	0.284456	-0.296066	-0.276008	-0.293731	-0.289462
14	4.371456	4.340936	4.300060	4.294050	4.350449	4.409588	4.296457	4.303397	4.189076	4.217022	4.243740	4.253700	4.376040	4.122326	4.112161	3.978287	4.304869	4.073167	4.066939	3.988589	4.312253	4.287984	4.286000	4.253969	4.220500
15	1.740248	1.737480	1.730421	1.712317	1.604095	1.580604	1.531499	1.515231	1.821556	1.939607	2.022666	2.004479	1.672850	1.710975	1.689092	1.626621	1.782452	1.700248	1.692048	1.630834	1.732999	1.509158	1.497775	2.014405	1.993911
16	-0.195380	0.085095	0.361699	0.484773	0.232717	-0.030243	-0.250004	-0.257062	0.239542	-0.017320	-0.225205	-0.237438	-0.195666	-0.567444	-0.830043	-0.872740	-0.192265	-0.483742	-0.777734	-0.852805	0.293091	-0.293985	-0.253554	-0.283696	-0.222066
17	4.295339	4.279603	4.253417	4.239832	4.292064	4.380050	4.308332	4.277925	4.130836	4.166418	4.212699	4.192976	4.299817	4.104628	4.108830	3.976089	4.228658	4.090852	4.103110	3.992117	4.261950	4.257554	4.277400	4.191552	4.165601
18	1.717982	1.713235	1.704211	1.689222	1.573928	1.551168	1.532343	1.497272	1.809203	1.918320	1.989552	1.983843	1.650253	1.698202	1.690177	1.630824	1.760165	1.673826	1.673114	1.622537	1.707279	1.484282	1.481659	1.977038	1.967429
19	-0.206008	0.087643	0.377121	0.498645	0.223648	0.008645	-0.220195	-0.248896	0.228002	-0.043131	-0.252690	-0.281566	-0.205467	-0.544875	-0.804062	-0.865960	-0.203485	-0.485000	-0.838131	-0.870413	0.305334	-0.281004	-0.247439	-0.297695	-0.285582
20	4.232465	4.227103	4.211100	4.198068	4.241904	4.355467	4.305097	4.268206	4.080583	4.112091	4.167989	4.160549	4.244409	4.075494	4.103467	3.981080	4.157557	4.049752	4.077038	3.973273	4.217117	4.235716	4.252000	4.149206	4.137001
21	1.687092	1.684113	1.676852	1.666886	1.552464	1.527753	1.507585	1.482104	1.779868	1.873331	1.936679	1.933460	1.619734	1.613086	1.685756	1.628890	1.728953	1.681899	1.691417	1.631490	1.679480	1.469935	1.464618	1.947069	1.929317
22	-0.190713	0.095196	0.376946	0.502466	0.236647	-0.025539	-0.241453	-0.255508	0.253597	0.001149	-0.207422	-0.269286	-0.193313	-0.475863	-0.808871	-0.869160	-0.185228	-0.490759	-0.780131	-0.858302	0.307089	-0.293076	-0.252717	-0.306890	-0.266700
23	4.184149	4.179631	4.164446	4.143717	4.195209	4.329583	4.266748	4.254375	4.039767	4.057571	4.086036	4.103919	4.193985	4.222875	4.102087	3.978798	4.111049	4.064177	4.093525	3.987608	4.170266	4.243773	4.234273	4.121763	4.069143
24	1.663024	1.660409	1.654454	1.644009	1.543890	1.529153	1.470902	1.465681	1.755522	1.840138	1.881728	1.879753	1.595245	1.599862	1.683785	1.621472	1.705257	1.678983	1.691187	1.633459	1.656596	1.460233	1.448788	1.892374	1.891574
25	-0.193414	0.097712	0.384935	0.504051	0.254352	0.014587	-0.210550	-0.237445	0.279826	0.002537	-0.208333	-0.249435	-0.198403	-0.490217	-0.807326	-0.876072	-0.185672	-0.491167	-0.781073	-0.862025	0.313749	-0.293442	-0.281182	-0.295383	-0.275062
26	4.150950	4.139275	4.117840	4.106698	4.136797	4.290362	4.251885	4.245219	3.991169	4.006975	4.009797	4.022822	4.156157	4.170293	4.085909	3.972874	4.081684	4.060806	4.090451	3.987040	4.124945	4.248843	4.237667	4.041090	4.016000
27	1.663024	1.660409	1.654454	1.644009	1.543890	1.529153	1.470902	1.465681	1.755522	1.840138	1.881728	1.879753	1.595245	1.599862	1.683785	1.621472	1.705257	1.678983	1.691187	1.633459	1.656596	1.460233	1.448788	1.892374	1.891574
28	-0.193414	0.097712	0.384935	0.504051	0.254352	0.014587	-0.210550	-0.237445	0.279826	0.002537	-0.208333	-0.249435	-0.198403	-0.490217	-0.807326	-0.876072	-0.185672	-0.491167	-0.781073	-0.862025	0.313749	-0.293442	-0.281182	-0.295383	-0.275062
29	4.150950	4.139275	4.117840	4.106698	4.136797	4.290362	4.251885	4.245219	3.991169	4.006975	4.009797	4.022822	4.156157	4.170293	4.085909	3.972874	4.081684	4.060806	4.090451	3.987040	4.124945	4.248843	4.237667	4.041090	4.016000
30	1.556695	1.549214	1.537412	1.517342	1.414994	1.409178	1.407211	1.394947	1.642427	1.694227	1.660285	1.636972	1.493294	1.418350	1.448788	1.388135	1.596053	1.645393	1.683931	1.632889	1.541069	1.398340	1.378533	1.620047	1.645413
31	-0.146920	0.126247	0.395084	0.526659	0.285283	0.060582	-0.158640	-0.213902	0.292263	0.058913	-0.162126	-0.235946	-0.140447	-0.474511	-0.795751	-0.835791	-0.151009	-0.476017	-0.780783	-0.867107	0.328469	-0.271946	-0.215643	-0.291791	-0.229732
32	4.002631	3.976864	3.940192	3.931206	3.966127	4.136920	4.174918	4.180018	3.822364	3.801921	3.756506	3.734875	4.001708	3.914529	3.944799	3.835999	3.940593	3.982461	4.072596	3.987418	3.951295	4.183580	4.162273	3.738604	3.691000
33	1.533578	1.528425	1.519049	1.501584	1.390153	1.381734	1.371705	1.371674	1.628089	1.675792	1.625033	1.597192	1.466293	1.402763	1.385061	1.327148	1.575679	1.636674	1.681462	1.632549	1.522239	1.365522	1.361552	1.582398	1.601392
34	-0.149173	0.124460	0.393810	0.523121	0.281749	0.088634	-0.122538	-0.215034	0.285728	0.056771	-0.146547	-0.227820	-0.143055	-0.470209	-0.785065	-0.854980	-0.152974	-0.474234	-0.780755	-0.868186	0.327084	-0.253046	-0.184852	-0.279624	-0.243155
35	3.975378	3.947155	3.908142	3.906458	3.950181	4.090089	4.116604	4.150800	3.799713	3.777403	3.715482	3.693699	3.969266	3.883424	3.856908	3.789062	3.917030	3.968940	4.067563	3.986580	3.920023	4.152326	4.140000	3.695617	3.656786
36	1.509983	1.508966	1.503353	1.470650	1.371463	1.362274	1.352279	1.354171	1.600402	1.640295	1.585858	1.557093	1.447280	1.380801	1.325233	1.261414	1.548450	1.620030	1.678905	1.632584	1.505549	1.350680	1.345159	1.539637	1.566190
37	-0.153414	0.121853	0.392685	0.512423	0.280559	0.088101	-0.123017	-0.218617	0.276905	0.053936	-0.154290	-0.226119	-0.147083	-0.477118	-0.769443	-0.809205	-0.157069	-0.468197	-0.779782	-0.867785	0.325596	-0.251336	-0.197731	-0.277059	-0.232203
38	3.948077	3.919726	3.880574	3.868801	3.926831	4.065279	4.091790	4.129294	3.766722	3.737430	3.674477	3.653667	3.950923	3.854783	3.782724	3.676252	3.880582	3.944165	4.063026	3.985750	3.892345	4.124146	4.115500	3.665023	3.622375
39	1.477392	1.473366	1.466831	1.458465	1.333472	1.329685	1.319753	1.329417	1.584174	1.617260	1.561147	1.522838	1.408983	1.364653	1.294847	1.228236	1.524049	1.602124	1.676502	1.629761	1.469212	1.327550	1.318178	1.499720	1.533029
40	-0.162775	0.112427	0.383781	0.507657	0.273564	0.041337	-0.169662	-0.239932	0.265809	0.042312	-0.157343	-0.220846	-0.156850	-0.474951	-0.730629	-0.804066	-0.165147	-0.468798	-0.781822	-0.867744	0.316548	-0.283579	-0.233694	-0.272679	-0.233622
41	3.918694	3.886056	3.844247	3.853971	3.890694	4.047123	4.073615	4.098528	3.749624	3.705634	3.639069	3.612742	3.913821	3.834365	3.739795	3.637635	3.861278	3.920815	4.056432	3.979421	3.856684	4.104305	4.083625	3.619459	3.593118
42	1.477392	1.473366	1.466831	1.458465	1.333472	1.329685	1.319753	1.329417	1.584174	1.617260	1.561147	1.522838	1.408983	1.364653	1.294847	1.228236	1.524049	1.602124	1.676502	1.629761	1.469212	1.327550	1.318178	1.499720	1.533029
43	-0.162775	0.112427	0.383781	0.507657	0.273564	0.041337	-0.169662	-0.239932	0.265809	0.042312	-0.157343	-0.220846	-0.156850	-0.474951	-0.730629	-0.804066	-0.165147	-0.468798	-0.781822	-0.867744	0.316548	-0.283579	-0.233694	-0.272679	-0.233622
44	3.918694	3.886056	3.844247	3.853971	3.890694	4.047123	4.073615	4.098528	3.749624	3.705634	3.639069	3.612742	3.913821	3.834365	3.739795	3.637635	3.861278	3.920815	4.056432	3.979421	3.856684	4.104305	4.083625	3.619459	3.593118
45	1.477392	1.473366	1.466831	1.458465	1.333472	1.329685	1.319753	1.329417	1.584174	1.617260	1.561147	1.522838	1.408983	1.364653	1.294847	1.228236	1.524049	1.602124	1.676502	1.629761	1.469212	1.327550	1.318178	1.499720	1.533029
46	-0.162775	0.112427	0.383781	0.507657	0.273564	0.041337	-0.169662	-0.239932	0.265809	0.042312	-0.157343	-0.220846	-0.156850	-0.474951	-0.730629	-0.804066	-0.165147	-0.468798	-0.781822	-0.867744	0.316548	-0.283579	-0.233694	-0.272679	-0.233622
47	3.918694	3.886056	3.844247	3.853971	3.890694	4.047123	4.073615	4.098528	3.749624	3.705634	3.639069	3.612742	3.913821	3.834365	3.739795	3.637635	3.861278	3.920815	4.056432	3.979421	3.856684	4.104305	4.083625	3.619459	3.593118
48	1.420706	1.420741	1.416651	1.398626	1.277324	1.275720	1.257728	1.265904	1.521798	1.564797	1.503046	1.460061	1.354855	1.303431	1.248765	1.175246	1.463139	1.558450	1.655389	1.627750	1.418447	1.264049	1.254694	1.434997	1.468857
49	-0.168417	0.105322	0.374705	0.485836	0.262237	0.007267	-0.197471	-0.272689	0.250543	0.034005	-0.161560	-0.221213	-0.162328	-0.499155	-0.773584	-0.843297	-0.171729	-0.467584	-0.775468	-0.868063	0.307977	-0.316241	-0.266221	-0.264123	-0.239873
50	3.860649	3.830470	3.789615	3.798489	3.849768	3.974025	3.882169	3.911630	3.696220	3.651522	3.575920	3.543831	3.862781	3.750327	3.659629	3.559285	3.794858	3.847270	4.019042	3.973628	3.801852	3.917422	3.896767	3.548232	3.521917
51	1.394621	1.396770	1.394691	1.375448	1.255435	1.246312	1.219579	1.220684	1.501901	1.540206	1.488128	1.436469	1.328097	1.280881	1.243777	1.173054	1.437976	1.536234	1.643682	1.624990	1.395991	1.205683	1.205757	1.412186	1.440569
52	-0.171781	0.101531	0.370547	0.492655	0.246611	-0.014405	-0.189761	-0.246703	0.252162	0.021056	-0.177768	-0.227644	-0.165712	-0.486559	-0.773797	-0.846648	-0.174999	-0.475261	-0.775592	-0.867951	0.303905	-0.314612	-0.247476	-0.266737	-0.197306
53	3.831803	3.806545	3.770102	3.776456	3.824698	3.933858	3.798172	3.778090	3.679295	3.634178	3.559063	3.515037	3.833617	3.721014	3.652159	3.556438	3.766339	3.821070	4.001710	3.970536	3.781282	3.764436	3.774900	3.510330	3.488471
54	1.363356	1.361070	1.355000	1.344620	1.221172	1.212634	1.195102	1.196127	1.474289	1.512412	1.463497	1.413769	1.298019	1.250905	1.225143	1.174708	1.405823	1.495566	1.617494	1.622070	1.357304	1.187782	1.173373	1.403469	1.404817
55	-0.166486	0.104849	0.371790	0.492095	0.254654	-0.010179	-0.196647	-0.249384	0.256922	0.011420	-0.190003	-0.239487	-0.161064	-0.480078	-0.777993	-0.850227	-0.169114	-0.488897	-0.788965	-0.886230	0.305671	-0.313552	-0.269131	-0.279942	-0.226076
56	3.791775	3.771802	3.741153	3.754017	3.796680	3.906661	3.753228	3.727705	3.648400	3.608022	3.535180	3.490077	3.792814	3.687583	3.633272	3.554783	3.727107	3.776921	3.953634	3.884766	3.750890	3.705747	3.726923	3.505458	3.459347
57	1.329217	1.333855	1.333711	1.317330	1.189903	1.179206	1.169303	1.150739	1.445206	1.492493	1.433505	1.404130	1.262454	1.224208	1.215780	1.176154	1.373958	1.457290	1.590999	1.533492	1.334529	1.147395	1.151024	1.383052	1.406540
58	-0.167583	0.105083	0.373049	0.493653	0.254879	-0.012190	-0.204891	-0.232377	0.252149	0.011662	-0.185687	-0.235069	-0.162849	-0.470396	-0.781688	-0.853449	-0.169487	-0.491687	-0.783413	-0.821558	0.306707	-0.256961	-0.258607	-0.276828	-0.228223
59	3.756185	3.741367	3.715331	3.726073	3.766006	3.873791	3.765342	3.728494	3.623559	3.589780	3.509756	3.478498	3.756172	3.660057	3.623356	3.552488	3.693082	3.724187	3.910836	3.799580	3.723871	3.717784	3.729929	3.466198	3.443231
60	1.310518	1.308714	1.302406	1.288051	1.163251	1.141250	1.133554	1.132554	1.417580	1.473132	1.428326	1.393656	1.245121	1.212061	1.212920	1.177497	1.353226	1.420965	1.564550	1.507213	1.304781	1.129281	1.133004	1.379251	1.402911
61	-0.166220	0.109270	0.380564	0.503983	0.252216	0.006727	-0.212747	-0.284675	0.281016	0.011743	-0.194854	-0.246154	-0.162559	-0.477873	-0.786819	-0.854619	-0.166920	-0.505089	-0.791464	-0.829415	0.313343	-0.309138	-0.310630	-0.295090	-0.228216
62	3.732287	3.715785	3.688744	3.703230	3.742922	3.826486	3.761914	3.769709	3.599537	3.566389	3.503330	3.484914	3.734061	3.648508	3.618377	3.552096	3.666369	3.677327	3.868261	3.758730	3.697533	3.758991	3.771127	3.470843	3.442917
63	1.269583	1.272100	1.274231	1.255291	1.130298	1.108909	1.111570	1.109909	1.397877	1.452006	1.418834	1.390756	1.204833	1.208069	1.210266	1.177571	1.312392	1.381711	1.521377	1.570147	1.274290	1.115196	1.110622	1.375996	1.378987
64	-0.161165	0.117396	0.390086	0.511127	0.271827	0.009572	-0.255062	-0.289992	0.273857	0.018013	-0.194383	-0.253335	-0.159426	-0.480981	-0.789821	-0.858093	-0.160118	-0.506167	-0.799120	-0.891026	0.322694	-0.324352	-0.292646	-0.318104	-0.255224
65	3.691140	3.680388	3.662121	3.674698	3.713801	3.792470	3.808012	3.800343	3.575417	3.542056	3.493773	3.471818	3.689803	3.636794	3.615311	3.550058	3.628664	3.624647	3.813450	3.791982	3.668611	3.796310	3.786334	3.472107	3.428833
66	1.249534	1.251663	1.247855	1.227526	1.108358	1.074500	1.074364	1.070526	1.370984	1.421790	1.406422	1.384153	1.185448	1.202717	1.208984	1.178600	1.291870	1.328610	1.488086	1.543540	1.249676	1.077222	1.078757	1.378178	1.381775
67	-0.152791	0.125306	0.399415	0.520981	0.273229	0.035640	-0.203530	-0.245841	0.288185	0.014624	-0.200978	-0.262386	-0.151101	-0.486837	-0.790832	-0.860492	-0.151826	-0.498846	-0.795599	-0.883436	0.331528	-0.316326	-0.257071	-0.328036	-0.260922
68	3.669941	3.659125	3.635298	3.651123	3.699251	3.750408	3.747507	3.748605	3.551210	3.518228	3.477906	3.468330	3.669316	3.624113	3.613391	3.549563	3.606668	3.581813	3.750769	3.725674	3.643442	3.741495	3.717417	3.477604	3.426000
69	1.216323	1.221171	1.223713	1.205340	1.083321	1.047924	1.026330	1.032362	1.354358	1.406019	1.403640	1.380500	1.150401	1.182447	1.207840	1.177842	1.260904	1.266620	1.427703	1.376528	1.223742	1.022944	1.052350	1.374004	1.401544
70	-0.139503	0.136288	0.406901	0.530905	0.292843	0.035528	-0.213982	-0.266367	0.290309	0.016845	-0.200673	-0.258722	-0.136362	-0.479142	-0.792364	-0.862483	-0.140146	-0.483134	-0.792621	-0.828721	0.339915	-0.320016	-0.254919	-0.327376	-0.286719
71	3.640010	3.628908	3.608801	3.626136	3.656579	3.715785	3.698716	3.690918	3.525796	3.503119	3.471192	3.463010	3.636129	3.609512	3.610661	3.548430	3.579825	3.537052	3.674613	3.562523	3.615764	3.685478	3.657067	3.478937	3.441455
72	1.203796	1.208138	1.208061	1.179625	1.072878	1.027748	0.985662	0.991259	1.329978	1.388673	1.386590	1.380123	1.136709	1.160569	1.206038	1.157746	1.249547	1.233270	1.355124	1.305671	1.208842	0.975407	1.012529	1.386629	1.403242
73	-0.138630	0.140380	0.415215	0.536750	0.295090	0.039888	-0.194849	-0.245360	0.292347	0.021106	-0.196944	-0.255745	-0.136436	-0.479866	-0.793337	-0.829293	-0.138460	-0.471123	-0.800666	-0.836620	0.347101	-0.304851	-0.226263	-0.315227	-0.248621
74	3.618033	3.604737	3.579070	3.597796	3.618244	3.676819	3.647981	3.637091	3.497787	3.483230	3.451185	3.451649	3.611486	3.595697	3.609375	3.497364	3.560388	3.484382	3.592655	3.481056	3.587641	3.629884	3.607875	3.475176	3.426462
75	1.182545	1.183447	1.181393	1.159659	1.051083	1.005930	0.910752	0.906203	1.314448	1.369108	1.382721	1.376644	1.114089	1.145777	1.204932	1.163702	1.229895	1.195940	1.260781	1.256865	1.182528	0.894480	0.912338	1.381453	1.400489
76	-0.132215	0.146031	0.419216	0.545725	0.311409	0.027370	-0.168209	-0.215883	0.297584	0.028429	-0.188288	-0.254066	-0.130053	-0.483911	-0.802581	-0.838004	-0.132041	-0.475164	-0.818523	-0.887609	0.351617	-0.263076	-0.199277	-0.311699	-0.274794
77	3.584839	3.571988	3.549230	3.572224	3.576700	3.634782	3.601231	3.583979	3.477720	3.453797	3.438275	3.441167	3.578296	3.591575	3.605561	3.491566	3.527384	3.435609	3.543977	3.479347	3.556897	3.588948	3.551636	3.462176	3.440000
78	1.163117	1.166201	1.165166	1.135952	1.041075	0.983519	0.902369	0.877039	1.288359	1.357960	1.374320	1.369879	1.094367	1.122174	1.179594	1.157227	1.210841	1.157623	1.229601	1.184886	1.166135	0.869019	0.902974	1.374594	1.394419
79	-0.132479	0.147871	0.422912	0.548901	0.309522	0.039289	-0.154106	-0.198493	0.301732	0.028689	-0.188692	-0.251668	-0.130340	-0.512075	-0.784205	-0.857910	-0.132226	-0.485638	-0.816286	-0.885775	0.354876	-0.257001	-0.189340	-0.311258	-0.250146
80	3.549380	3.542529	3.523679	3.542728	3.552531	3.608034	3.533331	3.514132	3.445760	3.438629	3.425597	3.424523	3.544820	3.589469	3.523461	3.521484	3.489667	3.384887	3.426725	3.402460	3.530507	3.505830	3.490125	3.452031	3.406562
81	1.127841	1.126393	1.121272	1.082842	1.014083	0.964200	0.761774	0.727206	1.235323	1.319592	1.348564	1.341932	1.059294	1.042201	1.091836	1.059120	1.175538	1.085898	1.062687	1.012695	1.123218	0.719579	0.754043	1.344564	1.367270
82	-0.131306	0.148070	0.422302	0.538776	0.328316	0.042048	0.009964	-0.034266	0.298364	0.025288	-0.191231	-0.259899	-0.130660	-0.393905	-0.723046	-0.779559	-0.129853	-0.454435	-0.807859	-0.875000	0.354464	-0.093203	-0.026100	-0.320369	-0.260913
83	3.482888	3.479208	3.464369	3.484473	3.492626	3.516993	3.578406	3.555155	3.389435	3.388856	3.383904	3.383573	3.472502	3.555088	3.425291	3.302135	3.428629	3.291318	3.253122	3.152344	3.470129	3.546756	3.530907	3.404442	3.369500
84	1.075636	1.080961	1.080731	1.035171	0.973935	0.940325	0.750220	0.719965	1.181818	1.279048	1.301965	1.302075	1.011232	0.994823	1.044743	0.992060	1.119468	1.024051	0.957615	0.892998	1.081630	0.699120	0.715327	1.307885	1.270876
85	-0.132895	0.142784	0.413188	0.533985	0.319658	0.037041	-0.047494	-0.062039	0.279695	0.012124	-0.197676	-0.269010	-0.133952	-0.390604	-0.710129	-0.740515	-0.129311	-0.501513	-0.758191	-0.800099	0.346413	-0.072474	-0.083342	-0.332793	-0.253999
86	3.406028	3.405814	3.392402	3.408568	3.420693	3.354339	3.395406	3.343288	3.317705	3.329257	3.327259	3.328482	3.400597	3.494575	3.358946	3.229002	3.346869	3.231613	3.112584	2.994977	3.398165	3.349585	3.298833	3.348253	3.325000
87	1.031470	1.045757	1.056406	1.019669	0.949848	0.918693	0.717778	0.692747	1.161479	1.242107	1.281620	1.280131	0.964564	0.964186	1.124685	1.067822	1.078610	0.991894	0.913437	0.852874	1.054415	0.669590	0.683737	1.285038	1.245628
88	-0.135640	0.135889	0.402228	0.528250	0.308775	0.026371	-0.028195	-0.045454	0.274988	0.009211	-0.197707	-0.276491	-0.131191	-0.375543	-0.717018	-0.734417	-0.137489	-0.497679	-0.761526	-0.810427	0.336370	-0.062298	-0.077327	-0.339217	-0.276566
89	3.362889	3.359250	3.344791	3.375063	3.373496	3.311366	3.348651	3.315567	3.279666	3.284683	3.296819	3.297832	3.356222	3.470299	3.539529	3.407043	3.305090	3.185935	3.065833	2.949843	3.350442	3.293589	3.265250	3.310451	3.294750
90	1.017790	1.019015	1.014696	0.975380	0.908115	0.841621	0.649098	0.631390	1.096114	1.186891	1.228942	1.227821	0.953266	0.897791	1.083566	1.024680	1.062251	0.928960	0.862301	0.801923	1.016637	0.624507	0.626564	1.242039	1.200882
91	-0.137530	0.130809	0.391737	0.523455	0.298246	0.020913	-0.066460	-0.067253	0.258171	-0.007685	-0.240592	-0.292376	-0.139059	-0.390857	-0.701369	-0.727513	-0.132617	-0.433053	-0.810415	-0.870594	0.327496	-0.082313	-0.084736	-0.358521	-0.302470
92	3.275143	3.272970	3.256951	3.288289	3.285661	3.293052	3.275923	3.225598	3.179325	3.198687	3.220507	3.236927	3.285551	3.379653	3.502234	3.372685	3.195797	3.104124	3.029341	2.922060	3.263201	3.200104	3.181000	3.267971	3.250286
93	1.034794	1.016428	0.993884	0.944457	0.887294	0.826811	0.640914	0.617117	1.064638	1.150941	1.195654	1.193121	0.971512	0.877962	1.072141	1.013652	1.071680	0.900917	0.851477	0.794347	1.000673	0.596270	0.611067	1.204534	1.169999
94	-0.155831	0.122875	0.394926	0.531273	0.301405	0.023391	-0.064642	-0.076077	0.255008	-0.009685	-0.235764	-0.292790	-0.165706	-0.435766	-0.705489	-0.736313	-0.139406	-0.448231	-0.830329	-0.877930	0.327486	-0.082063	-0.102631	-0.350551	-0.290749
95	3.237709	3.235530	3.215587	3.240007	3.244302	3.212428	3.247568	3.200055	3.136421	3.148076	3.172683	3.187969	3.227854	3.272450	3.455966	3.327698	3.186499	3.063119	3.019190	2.914536	3.223212	3.188119	3.153000	3.214990	3.203500
96	1.034760	1.000124	0.962592	0.921032	0.855996	0.718831	0.629854	0.592710	1.032202	1.119629	1.139692	1.150741	0.972354	0.881223	1.031740	0.969195	1.076231	0.877285	0.847702	0.790401	0.972540	0.574589	0.594560	1.160153	1.122844
97	-0.188537	0.113742	0.410057	0.539739	0.316476	0.085822	-0.097719	-0.112530	0.258546	-0.004716	-0.206861	-0.284493	-0.201296	-0.521308	-0.706404	-0.747896	-0.171965	-0.490874	-0.832515	-0.883237	0.336812	-0.136238	-0.125934	-0.341731	-0.280226
98	3.163545	3.167063	3.159327	3.200492	3.188053	3.270914	3.212711	3.146847	3.085700	3.081693	3.114876	3.125562	3.146088	3.027843	3.318326	3.196687	3.117001	3.027920	3.015020	2.918142	3.163333	3.102449	3.122125	3.153416	3.126333
99	1.012614	0.978959	0.942459	0.886576	0.835854	0.712728	0.617924	0.579373	0.999720	1.074961	1.097649	1.104389	0.958372	0.878797	1.015568	0.955091	1.045941	0.872402	0.846905	0.790523	0.952139	0.543115	0.546431	1.108541	1.077129
100	-0.193613	0.120642	0.428526	0.539052	0.334887	0.096393	-0.098379	-0.134068	0.267782	-0.003628	-0.207646	-0.258816	-0.203333	-0.522759	-0.719564	-0.759991	-0.179894	-0.489217	-0.833209	-0.883466	0.352439	-0.207079	-0.206711	-0.326119	-0.263452
101	3.098003	3.111857	3.114386	3.156191	3.143128	3.222595	3.179582	3.137116	3.042799	3.027086	3.043370	3.049198	3.080281	3.019761	3.309492	3.186069	3.051735	3.019105	3.013514	2.918279	3.115826	3.107623	3.102500	3.073211	3.045572
102	0.880673	0.901889	0.919354	0.848386	0.812740	0.700909	0.609132	0.569725	0.980633	1.041650	1.058635	1.056908	0.817020	0.873462	1.012780	0.949610	0.926013	0.862837	0.848320	0.790120	0.915650	0.548237	0.552190	1.068760	1.025059
103	-0.229376	0.106226	0.435091	0.545841	0.341410	0.099108	-0.111398	-0.164895	0.265867	-0.008863	-0.214893	-0.277562	-0.239413	-0.538278	-0.723349	-0.762917	-0.214571	-0.495026	-0.822943	-0.882612	0.353816	-0.234295	-0.241228	-0.333766	-0.268149
104	3.113484	3.097077	3.069480	3.119236	3.098231	3.180093	3.164024	3.125511	2.993982	2.974484	2.968271	2.981670	3.093449	3.007450	3.303320	3.180553	3.068780	3.000436	3.010594	2.921965	3.078424	3.112947	3.111500	3.004223	2.982917
105	0.856031	0.876975	0.895342	0.810917	0.788728	0.687371	0.607314	0.575780	0.954033	1.016681	1.000250	0.999958	0.801471	0.868898	1.018036	0.952088	0.896093	0.859756	0.848146	0.792903	0.890699	0.552429	0.562813	1.011236	0.967554
106	-0.253593	0.100391	0.446581	0.558184	0.352854	0.110604	-0.110288	-0.166271	0.269588	0.021253	-0.204574	-0.263217	-0.264448	-0.620358	-0.757495	-0.785746	-0.231480	-0.506752	-0.821748	-0.883637	0.361396	-0.237098	-0.226294	-0.321877	-0.249979
107	3.047329	3.044556	3.032171	3.082243	3.060927	3.153382	3.159803	3.129932	2.953706	2.917775	2.901413	2.903958	3.077610	2.998316	3.313943	3.188065	2.956009	2.993858	3.008589	2.922917	3.036249	3.112859	3.100334	2.908753	2.911187
108	0.836476	0.852862	0.865652	0.796014	0.759036	0.670585	0.596295	0.575999	0.925914	0.984792	0.968588	0.950722	0.776342	0.855588	0.822323	0.806588	0.880088	0.842275	0.840202	0.796434	0.863084	0.571489	0.589975	0.947069	0.920198
109	-0.273437	0.094447	0.454691	0.561046	0.360914	0.117130	-0.132163	-0.212271	0.276809	0.006028	-0.198299	-0.227374	-0.288128	-0.662566	-0.887892	-0.880162	-0.250998	-0.516958	-0.899229	-0.882559	0.365685	-0.273514	-0.219723	-0.290469	-0.225403
110	2.997732	2.997390	2.985555	3.024551	3.014317	3.110814	3.143567	3.126642	2.914567	2.870953	2.835294	2.842025	3.011593	3.012707	3.216329	3.069678	2.922307	2.985397	3.037480	2.929142	2.990571	3.135089	3.088250	2.830784	2.872273
111	0.834677	0.842512	0.841067	0.773654	0.649301	0.644185	0.677652	0.681970	0.914529	0.963767	0.916072	0.901065	0.777636	0.851895	0.735936	0.767411	0.872679	0.864107	0.846880	0.783588	0.841094	0.688204	0.682897	0.896794	0.872002
112	-0.261628	0.105098	0.460549	0.564147	0.349948	0.088298	0.344482	0.407490	0.276945	0.016633	-0.183543	-0.240477	-0.278345	-0.654201	-0.881964	-0.885727	-0.236659	-0.561546	-0.841940	-0.893153	0.373712	0.484030	0.447934	-0.299064	-0.231448
113	2.992358	2.974898	2.934786	2.992815	3.071407	2.965719	2.980097	2.987615	2.881386	2.818228	2.779339	2.761712	3.009814	3.009503	3.128792	3.022335	2.909170	2.967180	3.009730	2.950771	2.944814	2.939857	2.991333	2.769339	2.767000
114	0.808761	0.816039	0.823620	0.749251	0.637622	0.634728	0.624101	0.634109	0.888735	0.934820	0.876779	0.853360	0.756411	0.684799	0.756845	0.670501	0.843391	0.854852	0.836751	0.784412	0.823378	0.654910	0.592457	0.840382	0.829304
115	-0.228454	0.117546	0.456952	0.555752	0.331464	0.083879	0.299755	0.343460	0.300777	0.043303	-0.152644	-0.216963	-0.235670	-0.617992	-0.886987	-0.873938	-0.216214	-0.495527	-0.826662	-0.887404	0.372764	0.413778	0.336254	-0.267415	-0.199335
116	2.952651	2.931864	2.905869	2.956723	3.005011	2.946279	2.960670	2.970760	2.845792	2.773350	2.722662	2.699844	2.982983	2.976085	3.024817	2.960012	2.857429	2.939978	3.007458	2.951031	2.916028	2.949929	3.011938	2.696856	2.710819
117	0.788689	0.756703	0.730006	0.713927	0.617462	0.614300	0.611951	0.613933	0.862997	0.900135	0.840285	0.808751	0.722145	0.603693	0.631282	0.580297	0.833809	0.846230	0.836552	0.772253	0.737164	0.615514	0.567826	0.784819	0.780730
118	-0.215639	0.133763	0.470675	0.582536	0.329329	0.081561	0.299456	0.349228	0.345844	0.073291	-0.120878	-0.197595	-0.212690	-0.474330	-0.807488	-0.844439	-0.210662	-0.496098	-0.825833	-0.885615	0.387498	0.428770	0.331597	-0.254875	-0.203962
119	2.941391	2.921360	2.894167	2.907407	2.952300	2.916287	2.944562	2.923084	2.814421	2.730719	2.670951	2.646222	2.958849	2.848955	2.890373	2.780866	2.854256	2.934753	3.001026	2.927842	2.903048	2.914944	2.959368	2.651643	2.656455
120	0.693420	0.665000	0.634769	0.664713	0.573634	0.552089	0.559248	0.562313	0.816295	0.841764	0.760042	0.720049	0.627596	0.542467	0.478575	0.426758	0.743757	0.815160	0.833604	0.779928	0.643013	0.586758	0.515786	0.697319	0.687252
121	-0.249079	0.078198	0.399319	0.535779	0.276635	0.016914	0.239493	0.305154	0.287666	0.088431	-0.113526	-0.179446	-0.248302	-0.538005	-0.810528	-0.860352	-0.244271	-0.494350	-0.818441	-0.882765	0.320075	0.373726	0.306795	-0.227833	-0.183345
122	2.916001	2.895163	2.863621	2.849875	2.856745	2.824204	2.842530	2.836220	2.732577	2.655739	2.587293	2.541007	2.950684	2.764897	2.695833	2.623047	2.815887	2.902477	2.994926	2.928581	2.873698	2.810472	2.868000	2.539478	2.520250
123	0.660007	0.637440	0.610100	0.637592	0.542489	0.508501	0.513067	0.515830	0.779481	0.806556	0.726211	0.679497	0.600326	0.523859	0.404243	0.337342	0.711356	0.791828	0.829423	0.784105	0.617035	0.505807	0.474611	0.651074	0.651223
124	-0.216620	0.085942	0.382681	0.527232	0.267270	-0.016050	0.190283	0.255348	0.282804	0.080557	-0.110470	-0.174329	-0.200971	-0.515386	-0.844066	-0.842504	-0.230230	-0.486580	-0.809669	-0.881686	0.309513	0.324851	0.212472	-0.220857	-0.164537
125	2.884877	2.859203	2.818600	2.808528	2.817766	2.800117	2.820091	2.799324	2.699720	2.617354	2.534600	2.489018	2.885883	2.736910	2.589525	2.500173	2.817876	2.871832	2.986274	2.925808	2.830447	2.838157	2.809648	2.485961	2.475611
126	0.621641	0.606653	0.591804	0.609813	0.518659	0.475822	0.480421	0.489379	0.762083	0.773313	0.686475	0.639971	0.561544	0.495221	0.391445	0.343339	0.667381	0.784801	0.828565	0.786575	0.596045	0.480781	0.440481	0.611839	0.610563
127	-0.219991	0.084626	0.382556	0.520178	0.267110	-0.014787	0.191932	0.256602	0.250299	0.049150	-0.119173	-0.179612	-0.207835	-0.499220	-0.808762	-0.844189	-0.227062	-0.494622	-0.808148	-0.881371	0.309050	0.325728	0.209957	-0.220711	-0.174746
128	2.840033	2.815611	2.784163	2.773468	2.789256	2.758156	2.775999	2.766787	2.656602	2.579535	2.478007	2.440036	2.841814	2.706283	2.558914	2.448947	2.772537	2.859579	2.980790	2.924400	2.794042	2.796950	2.770616	2.437032	2.423500
129	0.598555	0.586508	0.569732	0.581499	0.490324	0.450830	0.457068	0.463727	0.720021	0.748448	0.665052	0.611234	0.541872	0.460721	0.391081	0.336270	0.642951	0.763032	0.825011	0.787112	0.574403	0.457979	0.409943	0.582450	0.592479
130	-0.209369	0.089227	0.381930	0.518113	0.261689	-0.021120	0.192060	0.253987	0.236195	0.037026	-0.135297	-0.181280	-0.200853	-0.516048	-0.808212	-0.841797	-0.213927	-0.513091	-0.803986	-0.881103	0.309741	0.319531	0.207862	-0.216615	-0.169759
131	2.797111	2.778885	2.744507	2.743672	2.745618	2.726138	2.744306	2.728651	2.627479	2.550576	2.453902	2.402670	2.791410	2.657645	2.556698	2.471812	2.739361	2.834552	2.971184	2.922887	2.755297	2.747153	2.738934	2.394604	2.371609
132	0.561462	0.553563	0.543964	0.545556	0.451933	0.413199	0.420818	0.433460	0.675489	0.725149	0.634102	0.585783	0.504291	0.438517	0.391215	0.334316	0.605234	0.726724	0.815717	0.787260	0.546349	0.426560	0.393127	0.557651	0.560601
133	-0.213350	0.085000	0.376655	0.507783	0.252192	-0.016867	0.205949	0.264624	0.227816	0.031372	-0.130642	-0.185058	-0.204117	-0.501219	-0.804033	-0.845269	-0.217485	-0.502411	-0.799693	-0.879836	0.304612	0.331187	0.275904	-0.220016	-0.171578
134	2.757094	2.736113	2.704396	2.706485	2.708613	2.688756	2.707016	2.693267	2.590534	2.520873	2.413372	2.370788	2.754512	2.620329	2.553446	2.462023	2.693762	2.783959	2.952745	2.918404	2.713766	2.682466	2.719117	2.358884	2.355143
135	0.528130	0.522992	0.517200	0.517198	0.395565	0.393755	0.401426	0.411901	0.644121	0.683644	0.618744	0.565875	0.465309	0.402436	0.381271	0.329854	0.578078	0.689238	0.800910	0.781278	0.518856	0.420681	0.366994	0.542245	0.552974
136	-0.202073	0.092503	0.379947	0.507113	0.257577	0.015433	0.238139	0.298488	0.219990	0.020985	-0.160012	-0.197990	-0.193021	-0.502897	-0.801135	-0.853588	-0.206192	-0.505771	-0.792080	-0.876148	0.309044	0.372373	0.287594	-0.232687	-0.184962
137	2.704014	2.691043	2.668520	2.680159	2.693124	2.646788	2.665017	2.654224	2.559218	2.491488	2.399274	2.348360	2.700329	2.585557	2.537097	2.453622	2.641659	2.739100	2.926405	2.899537	2.676031	2.631936	2.693588	2.340186	2.316767
138	0.487341	0.488218	0.486900	0.474804	0.355379	0.348090	0.355937	0.366983	0.601205	0.661821	0.590186	0.556623	0.423297	0.382022	0.369179	0.322230	0.539267	0.640914	0.785954	0.772989	0.487625	0.369490	0.326334	0.531175	0.565227
139	-0.186540	0.107539	0.394454	0.514646	0.262617	-0.009178	0.213661	0.274720	0.247475	0.037486	-0.152350	-0.201571	-0.179533	-0.503540	-0.802462	-0.862254	-0.188903	-0.499040	-0.783794	-0.875734	0.323723	0.347892	0.281595	-0.245122	-0.217022
140	2.657646	2.649307	2.629360	2.643273	2.659994	2.614632	2.632851	2.620433	2.528247	2.475986	2.384391	2.341328	2.651427	2.564708	2.524228	2.449509	2.597659	2.672790	2.876525	2.881692	2.636451	2.601605	2.654067	2.322693	2.308240
141	0.423473	0.428049	0.428220	0.404951	0.285651	0.290739	0.298790	0.315460	0.555451	0.605508	0.566870	0.546438	0.360093	0.354278	0.362070	0.319711	0.475875	0.540228	0.708008	0.660929	0.428874	0.321406	0.267386	0.529740	0.570705
142	-0.164826	0.124693	0.407111	0.528582	0.263505	0.010063	0.232880	0.295715	0.275357	0.027239	-0.177338	-0.232908	-0.160676	-0.485736	-0.807665	-0.865292	-0.164739	-0.490574	-0.747199	-0.780926	0.337471	0.366338	0.286485	-0.292817	-0.217543
143	2.582274	2.579190	2.561607	2.579744	2.595737	2.535653	2.553812	2.548518	2.468501	2.420243	2.352984	2.332835	2.578549	2.532452	2.517745	2.447140	2.519325	2.538275	2.759902	2.647282	2.568512	2.543179	2.573588	2.326363	2.286462
144	0.393914	0.402977	0.410910	0.381950	0.267310	0.263137	0.271251	0.283592	0.534451	0.585401	0.561911	0.549393	0.332592	0.349973	0.360804	0.317347	0.445221	0.489310	0.671030	0.667729	0.409230	0.267013	0.228459	0.540563	0.568214
145	-0.151748	0.135271	0.414359	0.537901	0.295186	0.012097	0.229709	0.293272	0.286299	0.019395	-0.185646	-0.233843	-0.149802	-0.482244	-0.810035	-0.866536	-0.149781	-0.486827	-0.735562	-0.835846	0.345665	0.368836	0.255465	-0.298346	-0.246356
146	2.545560	2.543405	2.531842	2.549089	2.558609	2.507603	2.525094	2.514973	2.443878	2.390515	2.346632	2.333686	2.543166	2.517147	2.515626	2.445157	2.481637	2.477848	2.698765	2.704998	2.536578	2.537414	2.534882	2.328028	2.300214
147	0.373653	0.380349	0.383433	0.355006	0.251064	0.247336	0.255453	0.264030	0.512225	0.570845	0.559300	0.545783	0.312817	0.331405	0.357697	0.316180	0.424367	0.443327	0.606768	0.597168	0.383201	0.266994	0.206991	0.542949	0.570535
148	-0.145687	0.139439	0.416674	0.545379	0.306257	0.026226	0.236463	0.297185	0.297070	0.022743	-0.186345	-0.242277	-0.142603	-0.478060	-0.805501	-0.867740	-0.144761	-0.471657	-0.750339	-0.854004	0.348468	0.369162	0.268991	-0.307688	-0.248748
149	2.529136	2.521402	2.499702	2.516637	2.541864	2.471550	2.487217	2.481916	2.410812	2.376020	2.341451	2.336564	2.523626	2.488078	2.514286	2.444824	2.467486	2.417426	2.619060	2.607422	2.507556	2.496993	2.503316	2.345302	2.304727
150	0.338277	0.348158	0.358089	0.326913	0.216639	0.212210	0.220571	0.237723	0.496338	0.550858	0.551042	0.541187	0.278440	0.306142	0.357264	0.321476	0.389061	0.404209	0.544246	0.536133	0.355817	0.233741	0.188071	0.540220	0.573291
151	-0.138250	0.147587	0.425014	0.553771	0.312259	0.042256	0.264999	0.331655	0.300424	0.032717	-0.178721	-0.239458	-0.134936	-0.480720	-0.806140	-0.868522	-0.137854	-0.478538	-0.770150	-0.853027	0.356814	0.402990	0.301953	-0.312507	-0.245244
152	2.492124	2.483847	2.466536	2.478712	2.500066	2.437138	2.455224	2.457943	2.383090	2.352279	2.325711	2.332915	2.485624	2.479614	2.511961	2.445628	2.431700	2.372555	2.528939	2.498047	2.472752	2.452647	2.478320	2.347282	2.310158
153	0.330239	0.335201	0.336798	0.308644	0.191906	0.134261	0.141589	0.165074	0.477933	0.534708	0.546579	0.542370	0.268666	0.271453	0.364033	0.330439	0.382877	0.350965	0.476317	0.423325	0.336962	0.170727	0.167465	0.559029	0.564445
154	-0.134803	0.149223	0.425348	0.556160	0.301409	0.030881	0.246857	0.314172	0.301781	0.035317	-0.173994	-0.194484	-0.132624	-0.483008	-0.802134	-0.871810	-0.133270	-0.464886	-0.804309	-0.864648	0.357438	0.335751	0.330573	-0.240836	-0.200809
155	2.460122	2.453541	2.432543	2.454394	2.465429	2.525148	2.545147	2.467258	2.355137	2.330959	2.315073	2.306875	2.454787	2.475393	2.500418	2.443766	2.398346	2.306271	2.437423	2.406231	2.440140	2.463023	2.461000	2.307340	2.277400
156	0.300787	0.295417	0.287427	0.260865	0.139091	0.074987	0.001057	-0.027411	0.439168	0.513800	0.528189	0.524268	0.237826	0.267383	0.370798	0.303308	0.355262	0.274377	0.313131	0.294189	0.289785	-0.052430	-0.052110	0.528826	0.554584
157	-0.126023	0.152649	0.423543	0.554747	0.312071	0.070656	-0.113869	-0.174511	0.301707	0.030312	-0.179445	-0.236983	-0.123325	-0.508346	-0.774201	-0.853640	-0.125212	-0.444929	-0.807457	-0.878906	0.356925	-0.230596	-0.152732	-0.307121	-0.238383
158	2.396440	2.388998	2.367372	2.388491	2.409486	2.437215	2.356666	2.315135	2.297958	2.281090	2.277264	2.282229	2.391189	2.385521	2.335859	2.270093	2.334597	2.197008	2.241672	2.179688	2.375114	2.287444	2.271000	2.306776	2.262048
159	0.300787	0.295417	0.287427	0.260865	0.139091	0.074987	0.001057	-0.027411	0.439168	0.513800	0.528189	0.524268	0.237826	0.267383	0.370798	0.303308	0.355262	0.274377	0.313131	0.294189	0.289785	-0.052430	-0.052110	0.528826	0.554584
160	-0.126023	0.152649	0.423543	0.554747	0.312071	0.070656	-0.113869	-0.174511	0.301707	0.030312	-0.179445	-0.236983	-0.123325	-0.508346	-0.774201	-0.853640	-0.125212	-0.444929	-0.807457	-0.878906	0.356925	-0.230596	-0.152732	-0.307121	-0.238383
161	2.396440	2.388998	2.367372	2.388491	2.409486	2.437215	2.356666	2.315135	2.297958	2.281090	2.277264	2.282229	2.391189	2.385521	2.335859	2.270093	2.334597	2.197008	2.241672	2.179688	2.375114	2.287444	2.271000	2.306776	2.262048
162	0.257577	0.248811	0.236434	0.210358	0.082966	0.006635	-0.091671	-0.121302	0.379328	0.475347	0.505552	0.497883	0.194117	0.301798	0.331893	0.293071	0.313512	0.213614	0.181174	0.131104	0.240209	-0.141251	-0.134713	0.499314	0.524379
163	-0.131743	0.145548	0.414435	0.546107	0.295213	0.083378	-0.064069	-0.120504	0.299211	0.028444	-0.179955	-0.254851	-0.133767	-0.483058	-0.763611	-0.795785	-0.126208	-0.464333	-0.794094	-0.855469	0.348343	-0.173289	-0.099408	-0.324213	-0.252863
164	2.313063	2.316661	2.304898	2.317114	2.349738	2.357113	2.232417	2.163465	2.229409	2.228776	2.218867	2.220828	2.308319	2.394176	2.436782	2.321643	2.250476	2.125237	2.046206	1.941406	2.310401	2.126814	2.131631	2.232926	2.194682
165	0.257577	0.248811	0.236434	0.210358	0.082966	0.006635	-0.091671	-0.121302	0.379328	0.475347	0.505552	0.497883	0.194117	0.301798	0.331893	0.293071	0.313512	0.213614	0.181174	0.131104	0.240209	-0.141251	-0.134713	0.499314	0.524379
166	-0.131743	0.145548	0.414435	0.546107	0.295213	0.083378	-0.064069	-0.120504	0.299211	0.028444	-0.179955	-0.254851	-0.133767	-0.483058	-0.763611	-0.795785	-0.126208	-0.464333	-0.794094	-0.855469	0.348343	-0.173289	-0.099408	-0.324213	-0.252863
167	2.313063	2.316661	2.304898	2.317114	2.349738	2.357113	2.232417	2.163465	2.229409	2.228776	2.218867	2.220828	2.308319	2.394176	2.436782	2.321643	2.250476	2.125237	2.046206	1.941406	2.310401	2.126814	2.131631	2.232926	2.194682
168	0.172308	0.177259	0.181126	0.156090	0.032937	-0.044840	-0.172739	-0.199398	0.324949	0.414842	0.465727	0.465222	0.110932	0.255278	0.304323	0.264409	0.228579	0.175391	0.101573	0.046052	0.180346	-0.215489	-0.216127	0.472102	0.493254
169	-0.152245	0.128486	0.400778	0.531549	0.270733	0.069799	-0.048407	-0.085733	0.282238	0.009623	-0.194152	-0.270186	-0.157546	-0.480357	-0.752799	-0.784898	-0.142382	-0.456491	-0.782820	-0.826186	0.333873	-0.128392	-0.099357	-0.338747	-0.265368
170	2.243538	2.240484	2.225545	2.233580	2.271665	2.267260	2.138208	2.056177	2.148008	2.155343	2.156320	2.151719	2.239482	2.354982	2.419675	2.305259	2.180420	2.056330	1.937702	1.822520	2.231393	2.011439	2.042000	2.159378	2.128875
171	0.134444	0.131303	0.127525	0.109904	-0.012005	-0.074092	-0.216929	-0.259339	0.274522	0.356799	0.411200	0.419307	0.072522	0.203373	0.296141	0.253405	0.192229	0.120423	0.062120	0.015992	0.128586	-0.283444	-0.259069	0.429379	0.453643
172	-0.154983	0.123977	0.394158	0.526402	0.274622	0.052604	-0.050461	-0.077171	0.270522	-0.005637	-0.209300	-0.284809	-0.163467	-0.479621	-0.721646	-0.753781	-0.141641	-0.444631	-0.807846	-0.862832	0.327820	-0.111374	-0.106797	-0.353856	-0.268824
173	2.147957	2.150758	2.141577	2.156199	2.196618	2.194408	2.068082	1.990366	2.062169	2.063380	2.074005	2.079931	2.146882	2.286206	2.396600	2.283490	2.081837	1.956724	1.889604	1.793933	2.145988	1.933601	2.022182	2.091096	2.068333
174	0.134444	0.131303	0.127525	0.109904	-0.012005	-0.074092	-0.216929	-0.259339	0.274522	0.356799	0.411200	0.419307	0.072522	0.203373	0.296141	0.253405	0.192229	0.120423	0.062120	0.015992	0.128586	-0.283444	-0.259069	0.429379	0.453643
175	-0.154983	0.123977	0.394158	0.526402	0.274622	0.052604	-0.050461	-0.077171	0.270522	-0.005637	-0.209300	-0.284809	-0.163467	-0.479621	-0.721646	-0.753781	-0.141641	-0.444631	-0.807846	-0.862832	0.327820	-0.111374	-0.106797	-0.353856	-0.268824
176	2.147957	2.150758	2.141577	2.156199	2.196618	2.194408	2.068082	1.990366	2.062169	2.063380	2.074005	2.079931	2.146882	2.286206	2.396600	2.283490	2.081837	1.956724	1.889604	1.793933	2.145988	1.933601	2.022182	2.091096	2.068333
177	0.070441	0.076519	0.081970	0.061656	-0.065978	-0.134404	-0.243634	-0.292115	0.220395	0.288990	0.330279	0.345011	0.010985	0.147332	0.236884	0.194791	0.127676	0.073573	0.055484	0.005766	0.080710	-0.319832	-0.296983	0.357078	0.375233
178	-0.155091	0.127527	0.400827	0.532375	0.282395	0.051238	-0.097024	-0.105237	0.274836	0.008503	-0.197504	-0.273198	-0.157862	-0.478828	-0.698118	-0.729852	-0.147258	-0.471115	-0.812399	-0.874577	0.333779	-0.130010	-0.139053	-0.344502	-0.266983
179	2.062017	2.065809	2.057529	2.071214	2.106068	2.120701	2.006941	1.952479	1.971411	1.954406	1.964777	1.979372	2.061627	2.189546	2.337085	2.223833	1.995150	1.903880	1.880258	1.794854	2.061709	1.897501	1.957625	1.997584	1.952000
180	0.056944	0.059476	0.061354	0.035598	-0.089394	-0.153302	-0.260464	-0.304315	0.194432	0.257830	0.287654	0.299032	-0.001724	0.023583	0.164984	0.123031	0.113797	0.065503	0.053354	0.003465	0.060985	-0.321340	-0.286731	0.302930	0.330814
181	-0.154545	0.131575	0.408073	0.539058	0.284474	0.033063	-0.128689	-0.139309	0.278204	0.010937	-0.198492	-0.268261	-0.156800	-0.438499	-0.678215	-0.709643	-0.147133	-0.469821	-0.813005	-0.877158	0.340258	-0.173622	-0.156852	-0.340066	-0.263846
182	2.019920	2.025818	2.019036	2.028762	2.066157	2.086271	1.991874	1.936555	1.929983	1.904663	1.900556	1.917349	2.018696	1.938625	2.195292	2.082456	1.953844	1.884041	1.878236	1.794092	2.022885	1.900737	1.981929	1.938207	1.884550
183	0.025610	0.029588	0.033477	0.011332	-0.115016	-0.165983	-0.259316	-0.297325	0.168947	0.222176	0.242595	0.244258	-0.029590	-0.015718	0.138734	0.098641	0.079744	0.059077	0.051719	0.002676	0.032532	-0.315939	-0.271191	0.250169	0.275789
184	-0.152303	0.137006	0.416375	0.548291	0.296703	0.026219	-0.143133	-0.174458	0.287819	0.019617	-0.191573	-0.254642	-0.151361	-0.448558	-0.700636	-0.731721	-0.148394	-0.469652	-0.813372	-0.878450	0.347898	-0.217800	-0.183534	-0.333966	-0.242812
185	1.985518	1.988800	1.980059	1.991478	2.022385	2.070534	1.973768	1.937398	1.891793	1.853955	1.837814	1.847957	1.987381	1.936553	2.174510	2.061363	1.916048	1.878051	1.875371	1.795704	1.984325	1.901809	1.967812	1.864290	1.809923
186	-0.052014	-0.035867	-0.020015	-0.045485	-0.167117	-0.214292	-0.252573	-0.265223	0.117833	0.160319	0.142165	0.134129	-0.106398	-0.115672	0.042416	0.126994	0.004284	-0.001522	0.047095	0.009611	-0.023947	-0.265733	-0.239904	0.129896	0.162663
187	-0.139618	0.152434	0.434013	0.564184	0.307695	0.030683	-0.175664	-0.233982	0.306026	0.040639	-0.180734	-0.252472	-0.133546	-0.436456	-0.687134	-0.750216	-0.140826	-0.471548	-0.811465	-0.876101	0.365061	-0.293526	-0.230156	-0.321639	-0.259992
188	1.928296	1.924183	1.907849	1.919924	1.955828	2.013631	1.972557	1.956197	1.819099	1.769101	1.722787	1.716213	1.931706	1.871739	2.109613	2.097380	1.857542	1.846207	1.871392	1.807724	1.914021	1.942795	1.952588	1.716099	1.694163
189	-0.091091	-0.080489	-0.071585	-0.103447	-0.211303	-0.215099	-0.240212	-0.250317	0.060773	0.105766	0.041262	0.011364	-0.145094	-0.177806	-0.075361	-0.111755	-0.033801	-0.002378	0.017854	-0.001654	-0.073726	-0.263177	-0.244027	-0.014113	0.030398
190	-0.132123	0.160372	0.442178	0.568571	0.329885	0.049457	-0.159677	-0.165523	0.310141	0.073084	-0.132508	-0.203782	-0.122479	-0.444889	-0.798182	-0.872070	-0.136959	-0.502224	-0.815605	-0.881917	0.373226	-0.188831	-0.193001	-0.265193	-0.207308
191	1.880417	1.865482	1.838072	1.850178	1.887655	1.853999	1.871374	1.920673	1.747841	1.680306	1.627213	1.587903	1.881629	1.785558	1.901637	1.877930	1.811967	1.823803	1.873582	1.824411	1.846970	1.953186	1.848333	1.572560	1.550107
192	-0.091091	-0.080489	-0.071585	-0.103447	-0.211303	-0.215099	-0.240212	-0.250317	0.060773	0.105766	0.041262	0.011364	-0.145094	-0.177806	-0.075361	-0.111755	-0.033801	-0.002378	0.017854	-0.001654	-0.073726	-0.263177	-0.244027	-0.014113	0.030398
193	-0.132123	0.160372	0.442178	0.568571	0.329885	0.049457	-0.159677	-0.165523	0.310141	0.073084	-0.132508	-0.203782	-0.122479	-0.444889	-0.798182	-0.872070	-0.136959	-0.502224	-0.815605	-0.881917	0.373226	-0.188831	-0.193001	-0.265193	-0.207308
194	1.880417	1.865482	1.838072	1.850178	1.887655	1.853999	1.871374	1.920673	1.747841	1.680306	1.627213	1.587903	1.881629	1.785558	1.901637	1.877930	1.811967	1.823803	1.873582	1.824411	1.846970	1.953186	1.848333	1.572560	1.550107
195	-0.131284	-0.127556	-0.123256	-0.163117	-0.260946	-0.262857	-0.293222	-0.294095	0.006710	0.046056	-0.049353	-0.095466	-0.184438	-0.250192	-0.241837	-0.282715	-0.072963	-0.003506	0.021608	0.001593	-0.124458	-0.299654	-0.289137	-0.131767	-0.053900
196	-0.142052	0.152153	0.435117	0.562396	0.322613	0.042217	-0.168304	-0.175720	0.305469	0.078339	-0.103817	-0.168831	-0.136504	-0.453325	-0.817303	-0.875488	-0.142544	-0.460435	-0.812879	-0.879756	0.365932	-0.184616	-0.178253	-0.218661	-0.128474
197	1.811059	1.796998	1.770325	1.784366	1.820724	1.806135	1.790559	1.778445	1.681463	1.593458	1.524669	1.478795	1.808311	1.703159	1.713107	1.666016	1.746537	1.779115	1.867104	1.821045	1.779076	1.762122	1.746667	1.467267	1.440800
198	-0.178258	-0.178376	-0.178573	-0.223300	-0.321818	-0.331697	-0.356423	-0.342436	-0.048394	-0.019806	-0.135048	-0.189141	-0.229210	-0.309130	-0.374098	-0.433594	-0.121290	-0.027315	0.021318	0.004081	-0.178606	-0.351843	-0.324866	-0.233096	-0.161513
199	-0.162488	0.136385	0.423978	0.546511	0.295209	0.002362	-0.208279	-0.269176	0.290244	0.064635	-0.099168	-0.154349	-0.164737	-0.502673	-0.775059	-0.821289	-0.155021	-0.477345	-0.811770	-0.879407	0.353634	-0.335073	-0.271008	-0.194929	-0.162587
200	1.753233	1.735129	1.703258	1.722567	1.749161	1.736344	1.704359	1.682485	1.614228	1.517300	1.431214	1.386089	1.748562	1.646170	1.564046	1.480469	1.690694	1.747829	1.857023	1.813407	1.713399	1.664245	1.640948	1.378901	1.358914
201	-0.178258	-0.178376	-0.178573	-0.223300	-0.321818	-0.331697	-0.356423	-0.342436	-0.048394	-0.019806	-0.135048	-0.189141	-0.229210	-0.309130	-0.374098	-0.433594	-0.121290	-0.027315	0.021318	0.004081	-0.178606	-0.351843	-0.324866	-0.233096	-0.161513
202	-0.162488	0.136385	0.423978	0.546511	0.295209	0.002362	-0.208279	-0.269176	0.290244	0.064635	-0.099168	-0.154349	-0.164737	-0.502673	-0.775059	-0.821289	-0.155021	-0.477345	-0.811770	-0.879407	0.353634	-0.335073	-0.271008	-0.194929	-0.162587
203	1.753233	1.735129	1.703258	1.722567	1.749161	1.736344	1.704359	1.682485	1.614228	1.517300	1.431214	1.386089	1.748562	1.646170	1.564046	1.480469	1.690694	1.747829	1.857023	1.813407	1.713399	1.664245	1.640948	1.378901	1.358914
204	-0.252661	-0.248962	-0.243770	-0.283930	-0.372560	-0.391995	-0.421828	-0.401791	-0.112284	-0.089927	-0.208745	-0.263136	-0.308641	-0.359438	-0.416862	-0.461844	-0.186271	-0.069734	0.018284	0.005706	-0.245333	-0.402408	-0.402482	-0.311946	-0.245889
205	-0.176330	0.122636	0.409665	0.536838	0.276718	-0.015672	-0.196356	-0.257993	0.277999	0.038968	-0.114820	-0.163005	-0.172944	-0.482760	-0.757867	-0.797852	-0.172667	-0.498278	-0.806579	-0.875667	0.339567	-0.257989	-0.256369	-0.197333	-0.191777
206	1.692517	1.674893	1.643477	1.660830	1.668505	1.663699	1.544556	1.528853	1.549538	1.452822	1.352999	1.309770	1.690377	1.580124	1.509430	1.443501	1.628565	1.701327	1.838837	1.803329	1.653495	1.520797	1.510337	1.301587	1.308040
207	-0.272845	-0.275758	-0.274980	-0.313601	-0.396168	-0.428757	-0.436040	-0.422717	-0.145864	-0.122297	-0.235263	-0.288533	-0.318537	-0.399010	-0.429776	-0.471082	-0.216002	-0.110411	0.015526	0.005130	-0.275587	-0.416317	-0.418679	-0.335040	-0.274160
208	-0.171545	0.124204	0.407914	0.536473	0.330307	0.040258	-0.157232	-0.206107	0.279313	0.027563	-0.132627	-0.175319	-0.167486	-0.481270	-0.764749	-0.810545	-0.168676	-0.494753	-0.801128	-0.870441	0.338632	-0.232823	-0.227401	-0.208661	-0.206935
209	1.641976	1.630879	1.608649	1.630809	1.639974	1.593428	1.489617	1.463969	1.521384	1.425561	1.329635	1.282321	1.640904	1.534848	1.491505	1.434232	1.576648	1.653352	1.825661	1.800635	1.616332	1.439409	1.472572	1.269630	1.286000
210	-0.314202	-0.311732	-0.304657	-0.345651	-0.434394	-0.454633	-0.463901	-0.474232	-0.172359	-0.156297	-0.260598	-0.307521	-0.360975	-0.427067	-0.458459	-0.483965	-0.254359	-0.150770	0.002037	-0.000567	-0.306757	-0.471495	-0.469062	-0.352529	-0.287386
211	-0.182546	0.118431	0.406881	0.533970	0.291776	-0.000969	-0.192074	-0.256502	0.270678	0.017308	-0.146843	-0.192647	-0.179273	-0.475552	-0.836606	-0.862498	-0.178307	-0.496801	-0.789653	-0.859405	0.336554	-0.277014	-0.238006	-0.227764	-0.220607
212	1.601919	1.594941	1.577417	1.599651	1.600742	1.576971	1.445448	1.438278	1.493590	1.406245	1.307174	1.263596	1.599255	1.504570	1.456089	1.346791	1.538592	1.609214	1.800525	1.775921	1.583903	1.401724	1.451667	1.250441	1.260500
213	-0.398782	-0.386384	-0.372232	-0.405374	-0.522735	-0.525937	-0.535476	-0.522020	-0.226681	-0.201749	-0.286306	-0.323539	-0.449947	-0.479528	-0.467867	-0.484744	-0.330750	-0.257648	-0.075302	-0.099666	-0.375805	-0.545360	-0.535490	-0.364619	-0.299824
214	-0.194063	0.115424	0.411073	0.537565	0.239083	0.021789	-0.206202	-0.266125	0.271147	0.012425	-0.170094	-0.233879	-0.188176	-0.481643	-0.856444	-0.881008	-0.191625	-0.483907	-0.747682	-0.775090	0.338976	-0.342932	-0.271438	-0.283939	-0.261746
215	1.530066	1.534672	1.525193	1.540978	1.521874	1.497513	1.428288	1.436047	1.439594	1.370823	1.288006	1.252802	1.527842	1.450824	1.450334	1.337520	1.467179	1.483613	1.692629	1.577034	1.529908	1.404043	1.441611	1.244426	1.251706
216	-0.435648	-0.421572	-0.403636	-0.430177	-0.550785	-0.566990	-0.567619	-0.549236	-0.251406	-0.235120	-0.292752	-0.321532	-0.487454	-0.479768	-0.475866	-0.490086	-0.364801	-0.305098	-0.112257	-0.133406	-0.408900	-0.556211	-0.572208	-0.352209	-0.287541
217	-0.188992	0.121031	0.417266	0.542103	0.236326	-0.009070	-0.230544	-0.289906	0.274625	0.016671	-0.183426	-0.248253	-0.183086	-0.482457	-0.856405	-0.880995	-0.186800	-0.485795	-0.739746	-0.766973	0.345122	-0.365517	-0.305005	-0.306322	-0.255715
218	1.498839	1.501748	1.492477	1.513635	1.485250	1.478063	1.414830	1.415639	1.411913	1.342196	1.282405	1.254429	1.496893	1.442421	1.446887	1.333428	1.436425	1.428484	1.641059	1.524900	1.496503	1.383609	1.427235	1.247703	1.261087
219	-0.483383	-0.455351	-0.424049	-0.455289	-0.570389	-0.592906	-0.587016	-0.571622	-0.275666	-0.246080	-0.303527	-0.316018	-0.534679	-0.465867	-0.480530	-0.486620	-0.410859	-0.386996	-0.167046	-0.185477	-0.431837	-0.563175	-0.565895	-0.337270	-0.280504
220	-0.176347	0.129967	0.422497	0.546257	0.262151	-0.008703	-0.226429	-0.274704	0.280976	0.020514	-0.187133	-0.243781	-0.172808	-0.484713	-0.764548	-0.829260	-0.172216	-0.481796	-0.727543	-0.753938	0.351088	-0.360123	-0.281624	-0.311529	-0.256988
221	1.465962	1.472567	1.468231	1.484697	1.456095	1.460181	1.371776	1.378203	1.388724	1.333144	1.273362	1.259053	1.460557	1.394083	1.440821	1.393219	1.407525	1.377997	1.576792	1.460132	1.471616	1.340904	1.384083	1.253129	1.258500
222	-0.508891	-0.489554	-0.466351	-0.505707	-0.609179	-0.648804	-0.607028	-0.595021	-0.325503	-0.270976	-0.302663	-0.305637	-0.561967	-0.482506	-0.485320	-0.502538	-0.432567	-0.463942	-0.258519	-0.273620	-0.472527	-0.581359	-0.613793	-0.321958	-0.261884
223	-0.166234	0.143111	0.437728	0.561394	0.260961	0.018711	-0.188725	-0.233199	0.288102	0.029667	-0.179778	-0.235334	-0.165703	-0.441848	-0.743822	-0.805350	-0.159557	-0.444296	-0.716433	-0.782953	0.365982	-0.313585	-0.261139	-0.303759	-0.257668
224	1.395208	1.410236	1.410719	1.428221	1.394154	1.399921	1.352283	1.354730	1.335947	1.305283	1.261509	1.256755	1.381752	1.307767	1.431850	1.381605	1.345217	1.280499	1.462723	1.440493	1.412965	1.329077	1.359733	1.267441	1.252600
225	-0.508051	-0.516615	-0.515095	-0.549842	-0.659784	-0.699756	-0.787472	-0.827904	-0.370076	-0.298887	-0.308345	-0.308416	-0.563643	-0.530770	-0.470338	-0.430032	-0.428039	-0.566418	-0.472395	-0.478514	-0.516589	-0.856918	-0.836143	-0.312176	-0.256374
226	-0.166943	0.145742	0.442207	0.567840	0.268508	-0.019105	-0.195509	-0.235001	0.291521	0.017275	-0.196506	-0.231300	-0.171076	-0.481215	-0.739648	-0.778745	-0.154831	-0.419139	-0.686757	-0.711499	0.370062	-0.287257	-0.207723	-0.302501	-0.245854
227	1.315687	1.337970	1.354409	1.371519	1.333328	1.295623	1.361196	1.391675	1.287222	1.265847	1.234920	1.232762	1.295484	1.309066	1.410415	1.326063	1.273176	1.183273	1.273695	1.157289	1.352843	1.425002	1.391846	1.255797	1.221250
228	-0.514920	-0.528883	-0.542233	-0.571157	-0.686803	-0.787768	-0.873900	-0.888150	-0.395866	-0.308211	-0.313668	-0.316113	-0.572007	-0.554831	-0.489169	-0.492332	-0.432988	-0.606405	-0.492987	-0.496327	-0.539301	-0.915829	-0.911802	-0.323118	-0.264066
229	-0.171846	0.141893	0.438625	0.566389	0.254506	-0.009476	-0.201486	-0.214854	0.285201	0.009109	-0.204905	-0.233240	-0.177429	-0.459917	-0.749017	-0.816629	-0.158183	-0.428822	-0.735219	-0.759253	0.366439	-0.249332	-0.201045	-0.308024	-0.243776
230	1.293425	1.317135	1.323555	1.345691	1.294912	1.351214	1.318314	1.291207	1.257018	1.249352	1.219323	1.213010	1.265234	1.264473	1.414355	1.395188	1.257905	1.148235	1.238077	1.122195	1.324013	1.316033	1.309000	1.230321	1.197154
231	-0.529355	-0.550706	-0.564562	-0.593963	-0.705183	-0.839913	-0.884798	-0.901689	-0.415526	-0.316541	-0.326805	-0.326129	-0.583649	-0.584569	-0.493584	-0.497256	-0.449152	-0.627709	-0.828989	-0.824075	-0.562082	-0.929175	-0.924922	-0.333812	-0.275853
232	-0.178182	0.136457	0.435908	0.563732	0.251826	0.005716	-0.192967	-0.259175	0.278259	-0.000540	-0.213654	-0.240716	-0.179789	-0.464044	-0.775316	-0.800523	-0.168437	-0.420316	-0.694038	-0.719156	0.363099	-0.293349	-0.244687	-0.318673	-0.248432
233	1.275171	1.290446	1.295671	1.316549	1.271480	1.329842	1.258233	1.237424	1.235040	1.233477	1.197530	1.189891	1.249630	1.203130	1.408796	1.292122	1.238471	1.127379	1.035471	0.923607	1.295990	1.262434	1.255642	1.200296	1.178385
234	-0.562387	-0.588213	-0.606790	-0.640047	-0.716306	-0.691101	-0.873319	-0.876368	-0.468281	-0.341022	-0.350477	-0.349640	-0.618899	-0.606417	-0.502581	-0.514925	-0.477468	-0.676701	-0.874613	-0.861389	-0.603187	-0.879014	-0.862519	-0.345832	-0.297947
235	-0.205633	0.116101	0.421718	0.549975	0.230000	-0.052151	-0.030612	0.024585	0.259310	-0.006903	-0.216322	-0.247070	-0.207647	-0.489679	-0.789297	-0.715158	-0.193139	-0.452965	-0.702839	-0.728297	0.347456	0.042464	0.043845	-0.306412	-0.236145
236	1.228953	1.238808	1.236803	1.260695	1.182209	1.098291	1.253175	1.265279	1.171974	1.204986	1.147287	1.134362	1.197333	1.190470	1.406568	1.434977	1.200103	1.085746	1.000387	0.888618	1.238993	1.259139	1.246800	1.120347	1.116857
237	-0.583266	-0.607226	-0.624423	-0.658518	-0.704513	-0.702733	-0.880963	-0.942340	-0.491223	-0.382793	-0.370607	-0.367333	-0.641566	-0.635182	-0.520108	-0.507414	-0.495967	-0.700412	-0.902536	-0.880096	-0.621090	-0.944743	-0.927927	-0.353450	-0.317977
238	-0.218249	0.107639	0.416506	0.545517	0.216549	-0.041378	-0.059489	-0.065634	0.251437	-0.025377	-0.236740	-0.247781	-0.218817	-0.499667	-0.793002	-0.818262	-0.206776	-0.459551	-0.701652	-0.726972	0.341514	-0.047213	-0.045120	-0.301412	-0.234872
239	1.201677	1.210415	1.205759	1.235880	1.132289	1.076726	1.220017	1.270919	1.144277	1.163699	1.113571	1.106552	1.167081	1.165312	1.385355	1.268056	1.175585	1.051601	0.957377	0.846119	1.208824	1.264970	1.252863	1.090305	1.095286
240	-0.588419	-0.619901	-0.644484	-0.711063	-0.659177	-0.674052	-0.863829	-0.929074	-0.567584	-0.533202	-0.413558	-0.408206	-0.647290	-0.643841	-0.659618	-0.629480	-0.498843	-0.633701	-0.538739	-0.511084	-0.639390	-0.931393	-0.914465	-0.393581	-0.378991
241	-0.222889	0.105837	0.418354	0.538988	0.236709	-0.044737	-0.072933	-0.082446	0.247102	-0.049078	-0.230470	-0.271251	-0.218969	-0.494310	-0.873191	-0.896717	-0.216049	-0.511047	-0.760229	-0.786913	0.342453	-0.063905	-0.061666	-0.332077	-0.250824
242	1.174648	1.166472	1.144749	1.169886	1.047974	1.012261	1.167898	1.222902	1.067321	1.046678	1.053610	1.044628	1.145364	1.172827	1.246090	1.133062	1.142854	1.276431	1.376913	1.261547	1.151957	1.217025	1.205010	1.041789	1.057150
243	-0.610837	-0.636503	-0.654539	-0.734456	-0.665561	-0.675520	-0.866361	-0.885857	-0.585458	-0.627649	-0.472807	-0.450070	-0.652173	-0.692352	-0.768386	-0.753664	-0.539458	-0.640788	-0.512882	-0.584401	-0.651065	-0.887971	-0.870769	-0.422654	-0.425673
244	-0.228830	0.106462	0.423234	0.535709	0.304456	0.009979	-0.038761	-0.097475	0.233786	-0.058099	-0.213124	-0.262708	-0.216788	-0.466398	-0.810783	-0.836982	-0.232389	-0.537474	-0.760149	-0.742182	0.346475	-0.078775	-0.076361	-0.324479	-0.230105
245	1.139606	1.135216	1.118185	1.130387	1.038986	0.985818	1.138761	1.099288	1.037099	0.995026	0.998397	1.005682	1.130613	1.212411	1.360629	1.245243	1.092928	1.251610	1.375686	1.367861	1.124207	1.093585	1.081797	1.010118	1.015087
246	-0.667851	-0.668686	-0.672955	-0.689449	-0.597960	-0.560440	-0.762206	-0.831222	-0.598623	-0.579823	-0.767078	-0.831301	-0.639172	-0.750273	-0.922007	-0.815942	-0.667518	-0.684845	-0.711441	-0.609334	-0.671712	-0.833734	-0.817041	-0.822615	-0.796640
247	-0.267880	0.106469	0.449842	0.392551	0.026904	-0.189314	-0.132078	-0.113759	0.198159	-0.073799	-0.152280	-0.178614	-0.281189	-0.509303	-0.826945	-0.853283	-0.248875	-0.556149	-0.811167	-0.838182	0.365185	-0.094954	-0.092403	-0.230536	-0.170371
248	1.128630	1.123757	1.112103	1.069429	0.958472	0.930694	1.091561	1.148335	1.015445	0.936676	0.972533	0.987668	1.124960	1.186980	1.308891	1.272154	1.082170	1.240986	1.390616	1.352087	1.116552	1.142343	1.130173	0.978325	0.995016
249	-0.594683	-0.608737	-0.611798	-0.623472	-0.528345	-0.648863	-0.796928	-0.816377	-0.534797	-0.674928	-0.834525	-0.881042	-0.575568	-0.673823	-0.487536	-0.530563	-0.582838	-0.620296	-0.557986	-0.569433	-0.612487	-0.818631	-0.801571	-0.872764	-0.847360
250	-0.557582	-0.188049	0.168180	0.095269	-0.268436	-0.132699	-0.201644	-0.260431	-0.087084	-0.196831	-0.318257	-0.352800	-0.565702	-0.771701	-1.058236	-0.936982	-0.520419	-0.836947	-1.023804	-0.899515	0.081390	-0.240517	-0.236549	-0.403691	-0.342362
251	1.011734	1.015293	1.001402	0.964568	0.840735	0.939373	1.058766	1.019168	0.907721	0.999215	1.109424	1.142975	0.981928	1.067851	1.226060	1.193471	0.988868	1.127994	1.176752	1.193993	1.007157	1.013589	1.001926	1.133496	1.150072
252	-0.623883	-0.637436	-0.639875	-0.654217	-0.555786	-0.654612	-0.631410	-0.617699	-0.562550	-0.675274	-0.862033	-0.926200	-0.649508	-0.700116	-0.513478	-0.549374	-0.564128	-0.646555	-0.583934	-0.607037	-0.640819	-0.601562	-0.607985	-0.917452	-0.891366
253	-0.511908	-0.194998	0.110259	0.034430	-0.327173	-0.130880	0.141682	0.218251	-0.145578	-0.058792	-0.137417	-0.163740	-0.505555	-0.829028	-1.114922	-0.988897	-0.490367	-0.894229	-1.080489	-0.952103	0.035858	0.289614	0.197900	-0.215836	-0.155997
254	0.942548	0.942903	0.927742	0.888978	0.765875	0.946404	0.976223	0.948613	0.833559	1.031473	1.067636	1.082820	0.928218	0.993550	1.152461	1.136020	0.905529	1.053794	1.103096	1.100780	0.933684	0.940878	0.876385	1.073518	1.090231
255	0.000000	0.000000	0.000000	0.000000	0.000000	0.000000	-0.170525	-0.185673	0.000000	-0.177155	-0.356964	-0.390157	0.000000	0.000000	0.000000	-0.063669	0.000000	0.000000	-0.233366	-0.301271	0.000000	-0.168334	-0.175159	-0.382124	-0.356637
256	0.000000	0.000000	0.000000	0.000000	0.000000	0.000000	0.063071	0.125739	0.000000	0.087914	0.170945	0.153145	0.000000	0.000000	0.000000	0.024415	0.000000	0.000000	0.080090	0.099896	0.000000	0.196731	0.101054	0.097270	0.153370
257	0.000000	0.000000	0.000000	0.000000	0.000000	0.000000	0.248939	0.234376	0.000000	0.250804	0.442324	0.517822	0.000000	0.000000	0.000000	0.091450	0.000000	0.000000	0.339865	0.383140	0.000000	0.226898	0.164340	0.508512	0.524746
